timestamp,source_ip,http_method,http_status,data_volume
2023-05-27 11:02:04,136.113.2.117,DELETE,404,4709
2023-11-27 16:34:27,172.206.214.188,POST,200,5163
2023-11-14 13:26:53,118.15.104.190,POST,500,784
2023-10-04 01:15:58,186.223.19.185,PATCH,404,3648
2023-06-08 10:53:33,63.43.132.90,PATCH,500,116
2023-07-04 23:28:28,50.254.84.71,GET,404,1624
2023-03-08 09:12:49,170.10.218.61,POST,400,3210
2023-07-01 05:00:12,147.80.234.200,DELETE,301,5076
2023-05-11 05:07:51,110.144.152.205,POST,301,5712
2023-11-26 01:57:17,198.149.61.110,PATCH,400,2493
2023-10-18 09:07:06,165.251.70.247,GET,200,3918
2023-07-02 16:56:43,12.137.88.25,GET,400,2319
2023-06-12 04:44:12,12.194.101.207,POST,400,8795
2023-07-13 08:08:16,106.214.48.92,PUT,301,1477
2023-08-02 07:56:26,154.131.171.162,PATCH,404,213
2023-05-28 02:43:24,125.220.32.46,DELETE,404,3136
2023-07-15 14:35:36,218.216.252.228,POST,404,7752
2023-07-17 08:27:47,47.160.248.64,GET,404,5414
2023-09-03 19:07:07,54.157.168.198,POST,404,4534
2023-06-27 18:05:44,140.135.203.46,PUT,400,6662
2023-08-28 12:52:16,217.160.58.127,POST,200,7470
2023-01-28 09:55:08,170.10.218.61,POST,404,3483
2023-01-19 05:35:37,13.247.83.123,POST,301,978
2023-07-14 11:04:33,155.32.4.192,PUT,400,3343
2023-07-05 07:49:34,110.125.237.45,GET,500,815
2023-04-04 09:39:16,198.117.209.13,POST,200,8193
2023-05-08 16:38:21,27.79.97.223,GET,301,424
2023-06-24 16:58:53,145.45.118.134,DELETE,404,9636
2023-05-27 13:57:22,170.10.218.61,DELETE,400,231
2023-07-04 07:14:49,203.11.60.37,PATCH,500,7033
2023-07-20 15:09:03,12.137.88.25,GET,301,4456
2023-08-22 09:24:40,136.97.211.132,DELETE,404,5261
2023-02-22 17:13:06,70.65.108.73,DELETE,301,7429
2023-08-15 20:27:55,42.18.43.226,PATCH,200,395
2023-04-15 03:25:52,113.252.196.219,DELETE,500,403
2023-11-11 14:17:57,154.131.61.38,PATCH,404,3583
2023-08-07 22:24:33,50.135.167.178,DELETE,500,2576
2023-10-29 07:26:01,149.102.201.15,DELETE,500,7536
2023-11-09 17:28:09,74.233.17.148,POST,404,5872
2023-05-18 13:13:34,31.137.58.245,POST,301,6212
2023-05-10 15:26:36,150.72.219.234,PATCH,404,4113
2023-04-04 04:37:58,12.137.88.25,DELETE,200,5254
2023-04-23 19:46:46,202.106.100.240,PATCH,400,5692
2023-09-26 23:22:19,150.165.28.157,DELETE,500,7949
2023-02-03 16:00:12,24.113.10.105,PUT,200,3206
2023-07-22 18:58:16,38.34.221.250,PATCH,400,6500
2023-02-16 03:04:24,51.81.244.177,DELETE,500,2060
2023-07-11 16:22:35,34.15.202.118,GET,200,549
2023-09-13 03:19:14,4.132.232.147,GET,200,8935
2023-10-06 02:50:40,155.3.2.83,POST,500,2375
2023-05-02 07:07:10,23.253.176.245,PATCH,301,7498
2023-07-03 07:51:23,129.114.118.244,DELETE,404,484
2023-05-19 22:14:32,159.7.96.108,DELETE,400,4351
2023-10-21 13:33:30,188.212.27.30,POST,400,9338
2023-03-17 21:36:32,181.163.134.114,GET,500,9202
2023-03-11 21:16:32,149.154.107.177,GET,200,1083
2023-11-02 21:29:27,195.131.101.183,GET,200,3044
2023-05-03 02:14:37,213.241.206.70,PUT,500,1305
2023-11-20 23:48:52,117.80.202.0,PATCH,400,3037
2023-03-27 10:22:43,38.185.32.78,DELETE,400,7843
2023-08-30 14:51:28,51.9.176.130,GET,500,2962
2023-05-11 06:03:45,50.94.1.10,DELETE,404,9812
2023-11-17 08:56:08,165.251.70.247,PUT,301,6162
2023-10-11 16:39:29,107.51.217.153,POST,400,3971
2023-09-09 03:06:38,51.9.176.130,PATCH,404,5805
2023-08-27 00:49:22,65.116.202.109,DELETE,400,9286
2023-07-26 11:12:01,110.187.161.43,GET,301,9509
2023-10-06 09:50:56,165.251.70.247,PUT,400,6949
2023-10-31 00:09:18,185.59.219.219,DELETE,400,2974
2023-01-23 01:55:24,174.123.250.215,PUT,200,1441
2023-11-28 09:38:12,218.72.173.118,PUT,500,7779
2023-05-29 21:56:00,211.28.186.191,GET,400,1322
2023-02-01 20:25:51,39.102.41.54,POST,301,8198
2023-05-18 11:39:46,175.219.86.119,PATCH,400,9604
2023-05-10 15:30:45,48.64.178.249,GET,400,5384
2023-06-07 00:36:44,22.115.135.159,DELETE,200,4030
2023-04-01 06:29:20,88.182.225.248,POST,404,1124
2023-01-22 17:28:22,78.33.145.104,PATCH,200,3250
2023-09-23 12:18:43,77.248.134.50,GET,500,652
2023-01-03 02:47:40,216.229.61.144,PATCH,404,6850
2023-01-22 12:53:16,200.167.248.44,DELETE,200,5611
2023-10-03 10:36:40,181.136.52.121,POST,400,1851
2023-02-18 22:52:38,150.112.118.169,DELETE,200,580
2023-11-30 19:38:10,194.190.253.95,DELETE,400,4179
2023-11-08 00:05:49,50.80.68.56,PUT,400,2949
2023-09-17 01:51:37,39.65.122.150,DELETE,301,7070
2023-11-18 12:54:46,185.203.56.54,GET,404,1612
2023-05-14 00:12:57,34.103.196.194,PUT,400,7257
2023-08-24 07:40:18,9.162.166.49,POST,404,8089
2023-07-17 13:14:51,110.125.237.45,PUT,400,3512
2023-06-22 09:52:01,4.88.47.135,POST,500,2791
2023-01-11 22:25:03,170.10.218.61,PUT,500,422
2023-10-24 17:18:22,24.176.118.96,DELETE,301,3204
2023-10-29 03:35:51,49.38.141.192,DELETE,500,8991
2023-04-29 18:39:24,204.81.147.138,PUT,301,7261
2023-09-21 04:17:53,104.180.198.45,DELETE,400,511
2023-09-12 17:10:51,80.223.18.179,GET,301,7052
2023-04-15 05:19:58,106.94.86.76,PATCH,404,7901
2023-04-27 06:52:16,132.6.188.45,GET,400,6502
2023-03-02 10:48:20,74.11.48.245,POST,301,3047
2023-10-27 05:53:43,43.201.163.0,GET,404,1838
2023-03-07 13:54:04,176.74.57.2,POST,404,52
2023-06-18 13:14:59,198.164.213.161,DELETE,200,8039
2023-08-21 22:45:17,191.6.144.188,DELETE,404,1294
2023-01-26 03:23:15,56.103.218.40,POST,500,7914
2023-10-08 17:50:50,124.130.73.184,PUT,404,4651
2023-04-19 12:31:46,165.198.171.171,DELETE,200,6934
2023-03-02 18:13:58,21.196.137.68,PATCH,200,7636
2023-02-17 23:49:51,34.31.34.71,PUT,301,9052
2023-10-31 02:07:59,118.220.36.53,GET,404,7366
2023-11-30 16:10:36,202.26.131.196,POST,400,425
2023-01-07 21:25:58,78.117.85.132,PUT,200,7524
2023-10-11 15:26:11,3.201.151.32,GET,500,456
2023-04-19 15:38:21,138.71.176.28,PATCH,404,7102
2023-02-09 22:41:25,196.211.130.114,DELETE,400,4359
2023-08-02 08:33:47,222.141.143.35,PUT,404,8598
2023-10-17 12:02:09,65.33.25.120,GET,301,4603
2023-07-18 17:54:30,131.19.55.114,GET,404,6870
2023-02-06 07:13:58,51.9.176.130,GET,400,2499
2023-11-04 05:42:06,82.179.137.84,POST,500,5748
2023-09-17 19:52:50,117.59.35.41,PUT,200,9493
2023-09-10 17:40:17,172.110.141.119,GET,200,5615
2023-08-26 19:32:17,82.64.31.102,DELETE,500,861
2023-03-14 16:48:53,134.76.209.189,GET,404,7119
2023-01-12 07:38:02,16.12.150.143,DELETE,404,1064
2023-04-09 09:31:35,31.241.195.47,POST,500,8860
2023-01-04 15:20:26,110.125.237.45,PUT,500,4048
2023-08-14 23:35:00,40.94.3.15,DELETE,500,2849
2023-09-18 21:13:18,25.183.218.167,POST,301,3099
2023-03-27 14:42:58,173.162.70.232,DELETE,301,4682
2023-03-20 20:32:32,110.125.237.45,GET,301,6379
2023-04-10 09:21:25,75.240.73.248,POST,400,8265
2023-11-26 10:28:03,97.156.39.16,GET,200,3892
2023-09-13 05:09:39,165.251.70.247,PUT,301,9887
2023-03-14 12:46:31,165.251.70.247,GET,404,5741
2023-06-26 05:19:23,53.229.33.204,PUT,500,6740
2023-09-23 06:55:03,138.82.95.10,GET,301,1354
2023-11-15 12:13:29,99.20.91.101,DELETE,404,7222
2023-09-12 20:22:55,11.149.225.213,DELETE,200,6255
2023-01-15 12:55:26,170.10.218.61,PUT,400,6359
2023-06-01 23:55:38,171.212.211.146,PATCH,200,6270
2023-08-31 09:46:21,13.183.30.187,DELETE,200,2593
2023-03-25 05:03:16,170.209.244.204,PUT,500,2537
2023-02-22 16:48:22,120.135.73.44,GET,400,9003
2023-10-24 18:44:29,96.109.69.64,PUT,400,7628
2023-11-07 22:03:17,40.171.71.75,DELETE,200,1611
2023-07-11 17:00:19,118.59.252.243,POST,400,2511
2023-04-24 23:16:30,78.59.181.164,POST,500,2381
2023-08-29 21:16:00,146.35.68.96,PUT,301,7344
2023-02-25 19:09:31,100.36.226.43,POST,301,406
2023-06-13 01:20:53,210.241.66.244,POST,500,55
2023-04-05 07:39:52,174.116.4.5,PATCH,200,7780
2023-03-23 16:03:49,85.126.190.158,POST,404,3877
2023-08-16 21:33:49,65.121.54.172,DELETE,301,6658
2023-08-01 12:10:15,73.97.40.27,POST,400,5761
2023-06-25 17:47:18,144.229.180.96,PUT,400,2283
2023-09-25 07:45:56,110.125.237.45,GET,400,887
2023-10-09 16:01:50,51.9.176.130,PUT,301,9321
2023-03-15 15:30:53,7.235.53.196,POST,404,908
2023-08-31 02:52:01,165.251.70.247,PATCH,500,6490
2023-07-19 22:53:17,152.95.193.92,PATCH,200,8724
2023-04-26 06:51:27,7.83.236.245,POST,200,7088
2023-11-07 23:09:53,51.9.176.130,GET,301,5035
2023-06-13 15:12:09,218.209.245.207,PATCH,404,1210
2023-01-31 06:38:30,169.17.228.221,PATCH,301,9165
2023-11-03 08:29:50,139.220.210.99,POST,400,9521
2023-07-07 10:24:51,12.137.88.25,GET,301,4124
2023-10-07 13:14:49,112.99.55.129,DELETE,200,7271
2023-08-12 07:54:59,152.205.69.134,DELETE,404,4678
2023-06-20 10:52:30,20.20.188.87,DELETE,200,5711
2023-11-23 15:33:17,214.200.238.199,GET,404,6584
2023-04-21 04:05:50,5.19.1.151,PATCH,404,6642
2023-06-19 15:57:47,19.98.241.132,GET,200,1089
2023-10-18 12:26:02,12.253.125.213,PATCH,404,8180
2023-10-21 15:47:44,28.192.44.45,GET,404,3132
2023-07-02 04:58:42,52.54.40.1,POST,301,9385
2023-02-18 13:28:53,22.217.52.99,POST,500,4343
2023-12-02 15:04:56,172.65.145.171,DELETE,404,9961
2023-11-16 09:49:42,177.254.179.78,PATCH,500,1255
2023-09-25 06:40:42,52.169.54.181,DELETE,400,1497
2023-04-24 09:10:59,212.91.241.73,GET,404,9226
2023-06-05 15:22:36,165.251.70.247,PATCH,400,2084
2023-04-22 13:23:48,67.87.227.201,DELETE,500,7754
2023-02-17 08:00:49,111.159.211.17,GET,301,9214
2023-06-14 15:10:31,187.83.251.176,GET,200,1687
2023-08-23 20:43:05,20.251.7.235,DELETE,301,9518
2023-11-17 03:10:44,95.25.191.80,GET,301,8991
2023-07-27 13:10:53,74.120.203.30,POST,200,6395
2023-03-24 16:38:25,177.161.227.15,PUT,500,6850
2023-02-11 11:35:16,51.9.176.130,PUT,404,3560
2023-08-31 19:47:31,181.236.5.213,PATCH,400,1362
2023-07-26 15:15:11,24.69.76.184,PUT,404,8981
2023-11-11 00:42:41,152.40.210.236,POST,301,1688
2023-10-31 19:14:57,30.240.114.17,GET,301,9016
2023-11-14 07:50:18,38.125.76.84,GET,400,8659
2023-05-20 07:31:38,110.125.237.45,PATCH,301,9085
2023-04-11 04:13:38,183.254.164.162,DELETE,200,6803
2023-05-27 13:16:30,35.76.69.45,POST,500,3716
2023-04-21 01:53:45,163.60.148.254,DELETE,404,4468
2023-11-27 04:25:43,135.20.62.69,PUT,400,6867
2023-08-04 10:13:30,170.10.218.61,DELETE,200,619
2023-04-22 06:19:38,108.177.152.245,GET,200,6786
2023-08-03 04:45:09,178.117.113.165,DELETE,404,5107
2023-02-20 18:05:44,202.135.186.83,PUT,301,263
2023-05-11 03:01:08,58.211.240.29,PUT,200,7766
2023-01-14 04:42:30,159.85.128.204,PUT,500,3225
2023-08-17 10:00:33,59.161.41.142,GET,400,2693
2023-05-15 02:58:52,191.212.73.91,POST,301,3730
2023-11-24 03:05:14,25.223.142.75,PUT,404,6723
2023-06-27 14:23:58,87.99.134.140,POST,500,6589
2023-01-08 18:30:14,51.9.176.130,PUT,404,8075
2023-07-27 23:12:45,167.233.73.37,DELETE,404,3502
2023-08-20 17:08:04,12.137.88.25,DELETE,404,8924
2023-04-13 09:12:20,110.125.237.45,DELETE,500,6109
2023-07-31 18:23:58,89.179.37.114,GET,500,8304
2023-01-27 22:16:37,51.9.176.130,PATCH,400,7169
2023-08-11 19:34:34,213.129.19.33,GET,500,4226
2023-04-13 10:46:22,217.2.215.86,PATCH,301,6824
2023-06-02 09:33:24,14.13.46.162,POST,301,4758
2023-09-05 16:01:26,204.40.8.87,POST,404,1101
2023-06-21 18:44:59,31.66.204.176,DELETE,200,4517
2023-01-26 05:46:57,147.10.89.201,GET,400,5203
2023-01-16 03:20:49,10.7.199.111,PATCH,200,4480
2023-07-09 19:54:40,185.0.247.123,DELETE,400,4011
2023-04-13 08:42:43,51.9.176.130,DELETE,200,2821
2023-03-22 02:47:44,61.28.55.168,PUT,200,4249
2023-05-05 00:01:42,204.227.125.208,PUT,400,497
2023-07-30 09:15:37,180.95.142.255,DELETE,500,5130
2023-07-03 02:06:46,102.129.51.50,POST,200,7617
2023-11-18 01:46:40,182.169.52.233,POST,400,5194
2023-02-20 00:04:20,110.125.237.45,DELETE,500,3667
2023-05-07 08:27:34,98.21.76.216,DELETE,500,1068
2023-03-23 14:23:44,179.149.229.145,DELETE,400,1866
2023-07-29 05:47:36,51.9.176.130,DELETE,500,2867
2023-06-14 07:13:15,51.9.176.130,POST,200,545
2023-10-18 14:49:56,178.56.83.126,DELETE,200,2276
2023-01-16 08:13:55,134.179.120.151,PATCH,301,5135
2023-01-10 06:04:09,134.237.76.88,GET,400,3048
2023-10-05 19:15:40,219.151.167.236,PUT,400,7475
2023-02-24 08:09:47,195.55.14.68,PUT,400,4129
2023-05-08 07:57:51,89.165.161.129,GET,500,4555
2023-05-03 13:29:05,80.155.94.219,GET,200,8301
2023-05-13 05:39:44,108.157.143.17,GET,400,430
2023-01-31 23:46:51,79.175.19.42,GET,500,8364
2023-10-15 20:28:19,59.197.153.158,GET,500,8892
2023-02-16 01:58:43,3.248.157.54,DELETE,301,5381
2023-11-04 07:33:43,115.43.55.19,PUT,404,4232
2023-04-16 20:51:05,12.137.88.25,PATCH,301,807
2023-08-29 22:00:26,170.10.218.61,DELETE,400,2903
2023-10-19 04:54:50,12.137.88.25,GET,200,766
2023-10-08 03:21:47,198.43.219.16,PUT,200,879
2023-02-22 22:01:44,154.34.103.231,PATCH,404,9296
2023-03-10 16:32:33,51.9.176.130,PUT,500,1213
2023-02-22 04:53:23,110.125.237.45,PATCH,301,1890
2023-10-03 02:45:29,51.9.176.130,PATCH,301,1317
2023-07-06 01:38:42,200.149.92.37,POST,301,5637
2023-04-11 20:49:11,214.151.149.253,PATCH,404,9403
2023-11-12 07:40:19,47.32.189.164,PUT,200,9259
2023-01-16 17:01:33,79.96.43.202,GET,500,1229
2023-07-29 00:17:59,131.174.51.219,PUT,404,3720
2023-02-11 07:34:43,17.79.198.100,DELETE,404,5496
2023-01-26 01:55:43,49.141.70.126,POST,500,6287
2023-11-18 22:37:52,29.229.39.27,DELETE,400,3218
2023-08-09 19:27:02,61.203.160.26,PUT,500,6954
2023-08-07 10:05:43,70.237.237.93,DELETE,500,8115
2023-01-11 03:12:21,210.188.200.51,PATCH,301,6053
2023-03-20 13:44:14,75.61.239.119,POST,200,5889
2023-07-24 09:27:03,110.125.237.45,DELETE,301,6671
2023-04-09 02:36:52,88.115.218.238,DELETE,301,7031
2023-07-03 11:43:44,172.145.37.92,PATCH,404,1607
2023-08-25 18:28:40,4.134.154.13,PATCH,200,6007
2023-04-24 19:40:58,170.10.218.61,POST,500,8397
2023-08-19 22:27:39,43.118.197.118,PUT,500,8261
2023-06-14 03:35:37,117.197.110.128,GET,301,6766
2023-03-02 00:39:50,147.195.254.6,PATCH,500,9321
2023-10-21 02:52:12,110.125.237.45,POST,404,229
2023-04-18 15:53:32,220.144.158.201,PUT,301,3556
2023-07-06 21:54:24,57.20.199.51,PATCH,400,273
2023-09-14 00:12:21,39.12.63.31,PATCH,404,8340
2023-09-30 18:17:56,107.232.74.237,DELETE,200,6315
2023-05-10 04:02:08,110.125.237.45,GET,500,5853
2023-03-19 07:11:31,148.6.226.168,POST,400,9219
2023-01-27 19:23:46,170.46.56.64,POST,400,2466
2023-11-28 08:40:02,135.207.75.194,DELETE,500,9894
2023-02-21 06:11:08,57.35.226.127,DELETE,404,5724
2023-01-17 05:14:27,27.4.114.62,DELETE,200,552
2023-10-15 16:25:52,186.1.81.218,DELETE,400,1217
2023-10-12 07:28:42,195.93.236.222,PUT,500,2513
2023-02-14 11:06:41,138.226.204.250,PATCH,301,208
2023-08-19 17:59:04,165.251.70.247,GET,500,5012
2023-11-16 05:23:49,144.245.65.216,PATCH,500,8292
2023-02-18 10:02:13,128.254.119.63,GET,400,3002
2023-05-11 17:52:08,125.121.245.58,GET,400,9070
2023-11-01 19:35:30,203.87.54.102,POST,200,1318
2023-06-12 13:12:14,122.164.163.73,PUT,400,4369
2023-05-12 21:12:26,68.146.254.75,POST,301,7736
2023-11-05 21:30:49,197.21.150.91,POST,500,7655
2023-10-25 12:55:49,98.241.181.64,GET,500,3346
2023-03-03 13:33:48,110.125.237.45,POST,404,3523
2023-02-15 17:29:20,75.75.20.211,PUT,400,8089
2023-07-06 08:16:57,49.40.64.127,DELETE,200,5515
2023-03-25 23:15:37,144.176.168.49,PATCH,400,9059
2023-07-04 13:12:00,51.9.176.130,PATCH,200,7994
2023-01-15 09:34:12,221.206.101.111,PUT,200,1463
2023-04-26 05:10:06,78.200.134.238,PATCH,301,9252
2023-10-04 06:02:04,8.206.255.207,PUT,404,5835
2023-01-02 00:26:31,2.220.221.198,POST,404,184
2023-11-28 22:30:28,157.13.23.81,DELETE,200,1604
2023-04-02 14:33:24,152.158.20.249,POST,200,9367
2023-08-01 20:42:01,205.189.51.236,GET,500,6686
2023-10-08 20:11:10,146.143.82.177,GET,404,467
2023-06-06 22:07:47,94.106.229.22,PUT,400,5287
2023-01-26 13:32:44,93.48.122.76,PUT,500,3473
2023-02-13 12:49:15,165.251.70.247,POST,200,4531
2023-03-11 16:04:55,167.93.16.121,GET,200,4171
2023-07-23 01:51:47,188.228.127.30,POST,500,2751
2023-06-05 23:18:15,1.54.249.240,PATCH,200,1955
2023-01-30 03:42:31,150.127.45.29,POST,200,8931
2023-06-16 13:37:22,221.12.62.252,POST,400,1424
2023-01-08 15:46:31,170.10.218.61,DELETE,301,8649
2023-09-14 18:02:45,69.170.177.74,DELETE,301,360
2023-02-05 14:20:12,3.114.147.143,DELETE,400,3410
2023-11-09 13:48:02,13.239.56.1,PATCH,200,9351
2023-03-11 00:38:24,156.35.113.122,POST,200,544
2023-05-07 20:20:02,200.22.116.65,PATCH,500,5456
2023-06-20 19:26:28,41.221.204.155,GET,500,9335
2023-09-02 07:09:07,162.89.73.247,POST,301,8636
2023-10-14 06:50:36,138.169.205.150,PUT,200,6825
2023-02-13 23:27:27,14.204.67.21,GET,200,3273
2023-02-26 13:25:29,52.214.15.146,DELETE,404,8711
2023-05-23 20:10:33,218.74.56.16,PUT,400,4204
2023-08-27 00:52:14,124.11.189.41,PATCH,200,9024
2023-02-13 09:05:59,213.100.164.36,PUT,301,394
2023-05-08 05:09:08,45.26.236.83,PUT,400,4783
2023-07-24 05:05:08,181.63.123.215,POST,200,9212
2023-04-12 06:26:07,56.199.152.146,DELETE,400,1135
2023-08-04 15:08:53,188.90.157.240,GET,500,1042
2023-11-12 18:58:15,201.218.133.143,PATCH,400,5161
2023-11-16 02:43:03,206.236.207.156,DELETE,400,9518
2023-07-07 11:46:24,193.195.46.9,GET,400,1097
2023-02-09 23:39:42,82.159.10.16,PATCH,500,4777
2023-05-18 21:33:18,169.2.54.0,DELETE,400,5868
2023-09-24 14:05:41,88.219.124.246,GET,404,7119
2023-07-26 19:37:13,38.226.116.103,POST,500,2151
2023-07-24 18:33:17,87.20.30.65,PATCH,400,9330
2023-08-01 23:27:10,74.213.205.16,GET,500,8678
2023-02-20 00:53:19,193.107.68.228,PUT,301,4879
2023-10-29 08:31:45,51.9.176.130,POST,200,8242
2023-02-07 19:11:44,143.72.209.144,GET,400,2785
2023-10-13 05:53:11,17.200.177.121,PATCH,404,5896
2023-10-07 08:17:48,85.90.143.5,PATCH,301,1416
2023-07-02 07:22:54,19.117.150.164,PUT,200,1186
2023-04-04 05:21:21,223.182.187.147,PATCH,404,3893
2023-02-03 00:49:15,96.86.204.130,PUT,301,5927
2023-10-02 17:31:08,74.29.71.168,PUT,200,9844
2023-01-27 10:12:41,217.50.135.233,DELETE,301,3020
2023-01-08 06:37:51,170.10.218.61,POST,200,7677
2023-11-06 06:15:39,170.61.179.14,DELETE,404,2434
2023-11-17 17:15:36,162.54.108.146,POST,400,2161
2023-07-05 07:26:22,186.85.197.204,DELETE,301,8414
2023-03-18 22:18:54,12.137.88.25,PATCH,301,1651
2023-08-05 16:10:17,219.231.101.25,PATCH,404,3287
2023-01-26 07:57:25,59.189.202.9,PUT,500,1615
2023-07-03 04:03:18,5.192.216.41,POST,500,7523
2023-02-11 02:59:56,138.31.144.3,PUT,400,2227
2023-01-20 03:42:49,110.125.237.45,DELETE,404,3351
2023-06-18 14:36:34,70.146.1.219,PATCH,404,7391
2023-06-18 13:40:16,118.12.152.113,DELETE,200,7484
2023-09-08 06:03:56,185.245.119.65,POST,200,1218
2023-02-18 07:23:52,144.162.177.23,PUT,200,9840
2023-06-16 20:15:53,91.89.174.91,PUT,301,2184
2023-03-10 05:23:21,176.71.145.81,PATCH,500,1569
2023-03-23 13:01:19,151.69.218.100,PATCH,200,2170
2023-07-11 22:53:25,105.137.160.108,PUT,200,1303
2023-06-30 22:30:53,18.212.76.56,DELETE,200,4104
2023-06-21 11:27:49,88.25.9.48,PUT,301,1753
2023-04-17 17:52:41,167.97.110.176,PATCH,301,6179
2023-11-29 16:33:42,42.100.230.198,PATCH,301,3188
2023-08-17 08:02:37,125.192.46.237,GET,200,284
2023-09-30 23:00:00,121.127.3.86,DELETE,301,3562
2023-07-06 14:48:46,23.247.50.252,POST,404,5640
2023-05-03 15:58:21,170.10.218.61,DELETE,500,6378
2023-09-05 01:09:34,108.74.53.30,POST,400,682
2023-08-23 18:28:08,79.193.86.221,GET,500,6370
2023-01-01 23:55:40,183.232.217.190,POST,200,3010
2023-06-03 10:34:40,157.90.201.61,POST,200,7443
2023-04-17 02:13:08,129.139.190.77,PATCH,400,4274
2023-10-30 10:07:30,158.134.145.16,PATCH,200,8710
2023-04-26 18:08:17,96.27.165.149,DELETE,500,8644
2023-04-24 23:29:02,170.10.218.61,PATCH,500,9114
2023-08-13 21:39:56,56.62.74.116,GET,404,6419
2023-10-21 22:54:07,190.237.154.154,PUT,400,5131
2023-09-14 07:15:53,21.144.30.160,PUT,500,267
2023-01-08 08:10:22,125.193.32.125,PUT,404,5155
2023-02-16 19:22:50,110.125.237.45,PUT,200,1752
2023-01-06 07:34:22,68.185.16.107,POST,500,8182
2023-10-27 04:11:20,96.218.88.164,PATCH,500,1801
2023-03-11 10:28:33,51.9.176.130,PATCH,200,5480
2023-06-17 01:02:03,170.10.218.61,PATCH,200,8099
2023-08-16 03:12:05,51.9.176.130,DELETE,200,3654
2023-04-26 17:11:57,178.244.101.76,PATCH,301,1239
2023-02-03 17:32:39,15.39.8.226,POST,301,3522
2023-11-07 10:53:33,134.8.215.93,PATCH,500,8079
2023-03-12 03:44:59,134.60.79.97,POST,404,3868
2023-04-08 02:43:31,174.132.219.220,PUT,404,2091
2023-08-17 13:28:01,160.158.186.114,GET,301,4789
2023-07-18 21:18:53,111.38.253.83,POST,404,7483
2023-04-18 01:57:08,170.10.218.61,PATCH,400,2382
2023-07-27 07:16:34,157.9.63.60,DELETE,301,4602
2023-08-23 01:10:05,51.9.176.130,POST,500,2065
2023-10-07 13:23:44,188.152.39.184,POST,404,4293
2023-11-18 20:57:10,63.106.162.210,PATCH,301,8227
2023-03-21 11:13:10,200.193.68.228,PUT,500,8471
2023-03-28 14:46:09,24.50.16.191,POST,301,3278
2023-03-30 21:25:53,51.9.176.130,PATCH,404,2458
2023-05-23 00:13:49,165.251.70.247,GET,200,7956
2023-03-10 10:26:49,18.63.186.239,GET,404,9924
2023-08-09 21:44:16,143.60.248.194,DELETE,200,3241
2023-04-10 00:48:03,162.148.102.245,PUT,200,8561
2023-07-30 16:06:06,75.67.19.239,PUT,500,6198
2023-09-19 21:48:59,37.63.98.231,GET,200,8152
2023-08-13 06:51:20,170.10.218.61,GET,500,7451
2023-10-24 04:55:54,39.91.92.185,DELETE,400,4956
2023-11-29 19:06:07,170.10.218.61,POST,404,2890
2023-05-03 06:42:09,46.45.210.76,PATCH,404,8296
2023-10-31 20:43:06,170.245.90.160,POST,301,5379
2023-06-10 18:24:47,201.91.236.7,PATCH,200,4559
2023-11-04 17:11:14,7.76.211.248,PATCH,200,6865
2023-09-22 05:44:44,12.137.88.25,POST,200,744
2023-01-07 00:39:20,132.138.114.243,PUT,301,6489
2023-01-08 02:21:52,204.171.216.196,GET,500,5973
2023-10-05 23:08:47,12.137.88.25,PUT,301,1669
2023-01-11 22:11:00,31.37.167.192,PATCH,404,1765
2023-04-17 17:31:38,110.125.237.45,DELETE,500,3184
2023-07-23 06:16:20,168.144.29.255,DELETE,200,7462
2023-02-16 07:24:41,13.53.68.39,GET,301,7425
2023-03-03 12:05:09,51.9.176.130,DELETE,404,7007
2023-02-04 07:57:25,79.201.145.78,GET,200,4505
2023-04-01 01:18:10,153.159.254.196,GET,301,9754
2023-10-01 08:40:02,172.64.135.112,POST,404,9785
2023-10-30 04:35:09,110.125.237.45,GET,500,9178
2023-07-19 01:21:53,90.147.248.217,PUT,404,7063
2023-09-12 13:25:16,85.227.96.124,GET,500,9493
2023-03-12 12:43:10,197.196.169.235,PUT,200,7478
2023-05-30 01:27:42,51.9.176.130,DELETE,400,3734
2023-07-15 14:38:18,37.73.110.251,POST,500,3197
2023-03-19 05:46:34,196.138.50.219,DELETE,200,8604
2023-04-09 04:56:53,12.137.88.25,DELETE,500,2198
2023-08-07 11:56:32,49.9.140.40,PATCH,500,4224
2023-04-10 06:26:22,79.44.87.18,GET,500,5945
2023-06-09 02:07:03,40.146.115.77,PUT,400,9595
2023-04-18 04:17:36,140.193.217.181,PATCH,404,4305
2023-04-24 08:48:55,166.194.117.9,DELETE,301,6587
2023-08-23 09:02:32,194.76.172.171,DELETE,400,9263
2023-01-15 07:02:56,125.240.161.144,PATCH,500,8532
2023-02-17 23:47:02,214.223.7.92,PUT,301,6905
2023-02-09 22:28:18,155.96.223.131,PATCH,500,2679
2023-10-26 03:45:35,165.251.70.247,DELETE,500,8817
2023-06-07 10:05:03,25.205.137.107,DELETE,200,3664
2023-09-07 18:24:42,109.54.59.3,GET,200,3905
2023-07-09 00:14:23,199.248.237.219,POST,301,314
2023-05-20 01:11:32,3.140.186.172,POST,301,9909
2023-04-03 09:13:33,151.229.204.63,POST,500,3581
2023-08-06 12:45:51,198.49.103.189,PUT,500,6709
2023-09-07 02:58:16,108.111.168.208,DELETE,404,249
2023-08-10 06:45:21,92.188.244.75,PUT,200,6392
2023-07-22 20:07:01,125.161.230.140,POST,500,7921
2023-03-03 15:06:56,12.137.88.25,DELETE,301,369
2023-07-12 18:58:51,189.135.223.63,POST,404,1752
2023-11-04 06:53:45,173.249.15.174,PUT,404,1582
2023-07-31 22:05:18,200.134.92.58,DELETE,404,4167
2023-11-10 15:51:24,204.232.106.168,PUT,404,8431
2023-01-20 06:34:58,39.71.252.177,PATCH,200,2321
2023-03-13 20:16:39,12.16.252.140,PATCH,301,5006
2023-09-16 07:29:43,55.18.233.176,PUT,400,8128
2023-01-04 19:38:40,207.93.14.0,POST,200,3914
2023-07-21 22:06:15,220.80.16.198,POST,404,9825
2023-01-19 16:35:30,115.25.102.10,PATCH,404,4222
2023-03-23 10:05:50,207.186.106.246,PUT,301,9198
2023-01-20 16:27:16,55.212.113.171,DELETE,404,408
2023-07-02 13:33:58,84.235.59.48,GET,404,3783
2023-02-14 13:42:14,202.139.120.167,DELETE,404,8841
2023-03-04 23:40:35,179.188.117.110,DELETE,404,3537
2023-10-22 05:32:39,125.9.239.165,POST,400,2296
2023-09-10 15:42:03,16.40.2.33,GET,200,7697
2023-05-03 06:45:17,177.33.82.44,PATCH,301,2017
2023-11-10 23:18:32,150.46.177.152,PUT,404,4716
2023-06-10 09:37:57,165.251.70.247,GET,500,9906
2023-04-18 19:31:38,26.5.150.133,PUT,200,5473
2023-10-30 13:57:37,107.82.164.37,PATCH,301,8066
2023-05-26 12:27:08,78.39.45.133,PATCH,200,5527
2023-02-16 08:20:20,203.227.160.187,GET,400,3986
2023-02-04 09:03:26,69.225.19.172,POST,404,3736
2023-06-19 11:40:38,40.221.150.29,POST,400,3360
2023-05-30 16:20:28,53.185.61.228,POST,200,9301
2023-10-19 02:58:05,110.189.86.82,PATCH,404,6299
2023-06-09 05:54:44,128.227.31.18,POST,301,5412
2023-04-19 01:50:13,105.70.244.53,PUT,400,6087
2023-09-27 19:13:37,164.97.189.82,GET,301,5424
2023-04-29 07:19:22,42.79.247.59,PATCH,301,3022
2023-02-21 07:22:40,154.189.73.242,GET,200,7763
2023-07-20 20:19:32,186.45.223.51,POST,400,8220
2023-08-01 14:45:09,173.59.90.109,PUT,400,7532
2023-05-08 15:54:45,51.9.176.130,DELETE,400,6846
2023-05-05 12:03:03,37.169.142.250,DELETE,500,3014
2023-03-31 19:37:36,201.242.23.234,PUT,301,9492
2023-01-08 12:52:28,84.14.211.112,PUT,500,1537
2023-04-04 11:09:07,5.192.75.57,GET,200,8279
2023-08-01 23:53:23,205.130.58.239,PATCH,200,717
2023-09-28 23:12:13,55.198.238.69,DELETE,404,2212
2023-04-12 20:38:55,170.226.107.35,PATCH,301,9588
2023-09-04 19:07:48,176.231.10.139,GET,404,6064
2023-01-20 03:01:18,36.51.233.204,POST,200,707
2023-01-25 12:38:53,170.10.218.61,POST,500,1192
2023-02-02 08:00:11,114.221.65.19,GET,400,1924
2023-05-02 21:17:57,165.251.70.247,PATCH,301,7881
2023-01-09 21:49:59,165.251.70.247,GET,500,4394
2023-07-10 12:53:57,165.251.70.247,POST,400,6552
2023-03-05 11:29:58,131.249.45.119,PUT,400,8000
2023-09-08 23:52:57,94.16.143.103,GET,500,7850
2023-10-13 22:25:30,93.63.10.60,POST,301,5900
2023-04-07 00:20:39,28.181.86.253,GET,200,2110
2023-02-27 16:47:06,172.112.119.11,PUT,500,135
2023-05-21 13:07:06,136.171.137.54,PUT,301,9070
2023-10-21 13:11:22,90.19.168.29,PUT,301,1228
2023-07-07 01:21:08,52.34.214.203,PUT,500,5489
2023-11-21 22:41:13,5.126.158.66,DELETE,400,6474
2023-07-21 15:08:33,179.205.238.0,GET,301,548
2023-06-13 09:54:17,185.198.6.68,GET,404,2719
2023-08-11 17:06:09,62.48.90.131,PUT,200,624
2023-01-12 03:17:56,73.64.124.17,PATCH,404,9804
2023-08-29 20:14:15,164.46.35.74,PATCH,301,3399
2023-08-15 17:30:00,202.246.198.206,PUT,200,1124
2023-01-15 15:53:46,46.66.55.206,PATCH,200,1161
2023-06-29 22:40:55,219.227.214.119,GET,200,1695
2023-06-17 04:24:25,213.254.93.179,DELETE,200,5538
2023-08-19 17:27:47,78.149.122.72,PUT,400,8354
2023-03-06 02:18:08,12.137.88.25,PUT,200,2669
2023-07-15 12:16:15,46.54.169.196,PATCH,400,2535
2023-08-18 22:47:14,87.152.187.117,PATCH,200,6919
2023-09-05 08:15:26,30.205.58.185,POST,500,1751
2023-07-13 06:21:44,11.33.157.3,DELETE,404,2781
2023-09-16 10:12:00,118.143.66.248,DELETE,200,2160
2023-01-27 23:33:13,153.201.94.201,POST,200,619
2023-09-15 03:27:12,51.9.176.130,DELETE,400,7936
2023-05-24 13:10:01,4.53.202.227,POST,301,9610
2023-07-03 21:08:03,174.112.221.42,DELETE,404,2952
2023-04-01 14:48:06,166.95.226.36,PATCH,200,3861
2023-06-14 01:17:52,151.236.132.45,GET,301,5671
2023-11-25 01:22:18,81.100.238.138,POST,301,3891
2023-07-03 23:46:32,209.201.120.232,DELETE,500,143
2023-04-02 01:28:14,104.248.4.118,DELETE,500,3094
2023-04-10 05:07:09,174.195.28.155,POST,200,8914
2023-06-21 12:55:56,223.67.133.197,GET,500,5738
2023-07-27 14:22:02,12.137.88.25,DELETE,200,5281
2023-03-25 12:36:38,13.124.165.108,GET,404,9367
2023-04-22 18:04:08,151.156.58.156,PATCH,200,9102
2023-05-19 22:48:02,165.251.70.247,GET,301,4727
2023-03-24 12:43:55,94.120.80.169,POST,404,322
2023-10-12 10:25:35,163.92.85.187,PATCH,404,318
2023-09-30 16:43:22,114.212.41.197,PATCH,404,9828
2023-08-21 15:00:26,12.137.88.25,PUT,200,8491
2023-05-09 16:01:23,87.222.18.178,PATCH,301,5584
2023-06-12 00:27:29,110.24.80.206,GET,500,8933
2023-04-23 21:31:00,155.222.151.13,DELETE,301,631
2023-09-30 19:40:37,86.229.197.131,DELETE,301,7767
2023-05-10 18:53:03,72.253.102.63,DELETE,301,8633
2023-10-14 04:14:16,98.111.251.122,PATCH,400,6455
2023-06-24 04:59:35,223.189.189.102,GET,404,5698
2023-09-12 03:09:26,207.217.53.46,DELETE,200,6502
2023-05-13 22:47:57,148.220.95.100,GET,400,3091
2023-09-28 00:46:57,12.137.88.25,PATCH,404,6351
2023-10-30 12:50:41,159.8.205.141,DELETE,200,3362
2023-06-11 02:42:28,165.251.70.247,GET,400,5499
2023-11-04 03:44:27,119.217.157.77,DELETE,301,7287
2023-08-08 03:21:52,211.162.40.54,POST,500,6376
2023-01-12 17:55:11,165.251.70.247,PATCH,301,5416
2023-01-24 16:00:41,110.125.237.45,DELETE,404,3974
2023-04-02 03:21:15,149.189.140.106,PUT,400,4770
2023-02-08 03:48:07,80.152.141.48,PATCH,500,2231
2023-01-30 11:32:27,126.93.136.168,PUT,200,751
2023-06-20 01:17:26,66.198.161.205,DELETE,400,1464
2023-11-14 23:22:18,165.251.70.247,PUT,400,7788
2023-02-02 09:01:33,40.111.99.112,GET,500,7461
2023-09-25 15:12:17,165.18.201.19,POST,400,2024
2023-03-06 23:59:10,120.11.223.105,PUT,200,7441
2023-05-29 20:52:22,199.239.212.222,DELETE,301,5456
2023-03-07 12:25:04,210.207.152.88,PUT,404,8605
2023-02-25 23:07:06,80.215.162.11,PATCH,200,2861
2023-07-01 00:46:39,110.125.237.45,DELETE,301,6147
2023-05-06 16:37:27,205.118.194.224,PATCH,400,1291
2023-06-01 04:34:59,125.142.108.182,PATCH,301,372
2023-11-21 08:16:35,208.64.229.208,DELETE,404,1195
2023-02-14 11:11:34,7.166.12.92,GET,404,3281
2023-11-16 10:34:17,164.196.218.192,POST,200,7189
2023-06-21 01:05:40,63.194.102.235,GET,301,1050
2023-08-26 05:01:02,193.153.166.28,POST,500,8650
2023-09-30 06:38:04,136.99.208.251,POST,404,7814
2023-08-14 11:10:07,19.215.122.52,GET,200,4918
2023-10-29 06:31:28,184.49.82.205,PUT,500,3966
2023-04-10 09:44:41,40.100.98.4,DELETE,301,1390
2023-03-28 15:46:15,125.80.69.36,POST,301,2589
2023-08-16 21:46:52,174.154.143.10,POST,404,8382
2023-07-18 15:47:28,134.179.93.81,PUT,404,5579
2023-11-18 00:20:29,72.137.72.240,DELETE,400,3362
2023-06-05 07:49:34,126.111.50.111,POST,301,2991
2023-06-23 13:10:24,168.45.126.130,POST,500,6166
2023-05-20 19:46:01,132.124.78.204,POST,200,7074
2023-08-18 19:00:26,110.125.237.45,PATCH,400,818
2023-09-11 04:38:56,222.203.249.99,PATCH,500,1368
2023-05-14 10:19:13,49.144.73.71,PUT,400,8957
2023-10-25 20:57:03,118.65.73.41,PUT,500,2760
2023-11-26 05:38:47,206.17.49.84,POST,404,8376
2023-04-21 12:49:19,80.70.67.182,GET,400,2552
2023-01-26 11:38:39,148.173.222.89,POST,400,8606
2023-10-23 18:29:06,63.110.43.187,GET,400,8639
2023-07-04 03:57:19,205.76.80.67,POST,404,1169
2023-05-17 04:15:06,36.10.90.236,GET,301,8157
2023-09-11 20:54:59,135.104.138.214,PATCH,500,4890
2023-10-16 16:45:44,157.39.218.227,GET,404,5948
2023-07-16 10:49:45,196.57.131.210,DELETE,400,5752
2023-06-08 18:09:22,64.173.138.141,GET,404,4901
2023-06-25 20:23:28,117.58.227.182,PUT,500,3629
2023-02-19 07:29:13,178.147.8.176,GET,400,9352
2023-05-02 14:02:35,16.169.134.77,DELETE,301,4250
2023-01-30 09:25:44,83.137.106.127,PATCH,200,6679
2023-02-23 06:56:14,51.9.176.130,PUT,200,363
2023-06-28 11:36:48,60.156.229.86,DELETE,400,6407
2023-11-27 00:30:06,179.195.138.117,PUT,400,4591
2023-10-28 00:28:27,20.69.110.39,POST,400,8508
2023-02-26 14:27:52,164.119.164.249,DELETE,400,1634
2023-03-09 17:35:21,167.62.193.27,PUT,301,5430
2023-02-05 06:45:37,13.37.19.4,PUT,200,8000
2023-09-21 12:36:19,186.8.42.138,PUT,400,9897
2023-06-06 23:07:17,117.63.4.23,GET,400,4916
2023-09-05 17:31:14,62.231.221.185,POST,301,53
2023-08-09 10:42:23,46.128.94.48,PUT,301,9842
2023-07-27 02:58:39,157.238.140.50,DELETE,200,5306
2023-03-31 21:23:14,46.10.247.211,GET,400,9153
2023-07-23 18:00:33,195.78.118.220,PUT,400,1130
2023-04-08 01:29:43,164.215.106.58,DELETE,400,7280
2023-01-03 15:24:01,52.190.58.252,DELETE,301,9764
2023-06-15 02:44:56,51.9.176.130,DELETE,500,8500
2023-05-06 23:05:42,51.9.176.130,POST,404,1028
2023-02-11 01:55:27,51.9.176.130,DELETE,200,5340
2023-01-10 01:02:09,138.145.247.63,PATCH,500,3542
2023-07-19 17:56:14,165.251.70.247,GET,301,9425
2023-07-05 15:27:27,20.46.178.123,GET,400,2865
2023-09-22 12:39:58,57.102.130.50,PUT,404,7919
2023-11-27 15:54:42,214.87.122.42,DELETE,500,6442
2023-07-14 00:05:29,39.191.62.16,PATCH,404,5677
2023-11-13 05:14:37,12.137.88.25,GET,404,834
2023-05-04 01:22:11,211.213.187.220,PUT,301,5115
2023-08-29 22:23:37,12.137.88.25,PATCH,200,7494
2023-02-08 15:55:46,218.173.60.95,POST,400,1342
2023-02-16 04:58:36,88.17.108.136,PATCH,500,5566
2023-01-14 16:28:32,137.20.50.191,POST,301,5212
2023-06-27 02:09:16,170.10.218.61,PATCH,301,2166
2023-10-19 06:56:03,23.115.243.43,POST,500,1112
2023-05-22 13:42:42,80.107.119.224,PUT,500,2550
2023-06-06 16:45:00,150.202.106.47,PATCH,500,339
2023-07-21 16:55:23,191.171.224.76,PATCH,400,3041
2023-03-30 03:19:42,117.191.140.189,GET,301,276
2023-05-22 05:42:02,50.139.66.6,PUT,400,4039
2023-07-26 18:14:59,69.108.38.14,PUT,500,3730
2023-03-15 22:16:46,207.131.88.202,POST,500,9312
2023-07-27 21:10:19,11.52.179.85,PATCH,404,3194
2023-10-11 06:46:09,51.9.176.130,DELETE,404,842
2023-02-04 13:11:50,40.140.44.249,PUT,301,5693
2023-09-26 12:31:00,170.10.218.61,PUT,301,2415
2023-08-14 14:43:16,202.159.154.53,GET,200,2332
2023-07-03 18:53:29,27.146.66.200,PUT,500,275
2023-09-10 05:30:26,26.193.215.87,PUT,301,3398
2023-02-06 08:42:12,51.255.227.227,PATCH,301,1230
2023-03-12 13:50:35,16.143.39.14,DELETE,301,5356
2023-11-20 15:55:16,50.104.246.24,PATCH,200,2420
2023-08-18 07:15:54,12.137.88.25,PATCH,400,8904
2023-05-28 21:44:44,153.144.117.120,PUT,301,1414
2023-04-12 17:54:28,106.81.191.231,DELETE,301,2855
2023-05-27 09:33:48,206.194.212.152,POST,301,7988
2023-02-24 18:00:12,170.10.218.61,DELETE,400,8931
2023-10-01 18:55:47,48.102.155.235,PATCH,500,4521
2023-02-07 16:56:42,183.197.201.47,DELETE,301,4964
2023-11-26 16:24:37,177.211.62.144,GET,301,1634
2023-10-18 18:02:46,96.57.92.128,GET,200,8580
2023-06-11 18:29:01,141.222.50.193,PATCH,404,8129
2023-10-26 18:29:47,156.105.246.119,GET,500,1656
2023-03-04 00:03:33,51.9.176.130,POST,301,2535
2023-04-23 19:00:20,4.131.55.235,POST,200,1978
2023-01-27 20:36:03,195.6.250.107,DELETE,400,3152
2023-04-10 03:57:28,42.193.78.64,POST,200,6355
2023-05-27 09:40:25,192.226.93.118,PUT,500,4430
2023-02-18 02:57:45,129.116.174.209,POST,200,5578
2023-02-01 02:19:40,223.132.122.227,PATCH,400,4461
2023-05-02 21:10:55,170.10.218.61,PUT,400,6760
2023-07-16 11:04:45,217.110.101.178,DELETE,200,1871
2023-04-11 20:13:17,193.21.27.187,POST,200,252
2023-05-03 21:23:26,30.237.40.29,DELETE,404,7282
2023-04-12 15:41:14,35.172.90.174,DELETE,400,7813
2023-01-29 09:44:59,9.204.245.225,PATCH,301,2156
2023-07-30 14:10:25,151.154.245.43,POST,200,1768
2023-08-28 06:38:24,93.48.105.243,GET,301,7234
2023-10-08 16:42:36,146.201.45.221,PUT,400,9007
2023-04-18 22:31:39,52.240.225.55,PATCH,200,738
2023-05-01 03:04:16,87.224.221.10,PUT,301,5437
2023-09-20 04:58:14,21.240.73.193,PATCH,400,6514
2023-07-27 19:05:57,75.40.166.188,GET,400,5365
2023-08-17 07:18:29,210.192.46.15,PATCH,404,6831
2023-01-24 08:24:52,47.106.94.236,DELETE,404,2729
2023-05-04 18:18:53,18.34.162.248,PATCH,404,5625
2023-05-26 00:23:44,87.143.198.122,GET,400,4421
2023-07-27 05:16:41,60.165.133.251,PATCH,404,7095
2023-08-26 19:14:29,114.55.237.21,GET,301,6061
2023-04-01 21:38:35,113.84.137.102,PUT,404,568
2023-10-11 22:18:02,113.80.23.247,GET,301,9465
2023-02-16 13:51:23,89.107.111.236,POST,500,5561
2023-02-21 02:14:17,126.234.68.200,DELETE,500,9955
2023-10-11 01:30:14,5.249.150.126,DELETE,200,9989
2023-09-28 12:49:21,76.44.248.218,POST,200,4325
2023-04-27 04:59:29,31.89.72.26,DELETE,400,587
2023-02-26 11:40:43,174.216.254.102,GET,500,696
2023-01-02 14:50:38,79.75.200.127,DELETE,301,450
2023-09-06 22:59:38,8.114.42.165,GET,301,5277
2023-02-13 07:55:22,117.174.241.222,DELETE,200,5126
2023-04-19 20:00:35,132.239.231.223,PUT,404,5903
2023-03-20 14:25:36,57.174.49.105,PATCH,200,4523
2023-02-27 02:12:37,143.245.227.137,GET,404,611
2023-09-11 20:49:11,204.11.166.45,GET,400,7616
2023-08-02 05:15:03,124.252.176.59,GET,301,8489
2023-10-01 22:39:08,211.46.160.232,DELETE,301,1108
2023-03-02 19:08:08,96.156.84.228,POST,400,1131
2023-02-20 05:38:12,59.148.71.47,GET,400,1506
2023-09-08 05:46:45,81.66.126.76,PATCH,404,8798
2023-06-05 07:10:24,218.182.210.229,PUT,301,3342
2023-08-02 08:42:32,172.228.57.230,DELETE,400,5042
2023-05-29 22:07:59,201.65.219.152,GET,400,6353
2023-04-16 16:33:49,189.200.251.235,PUT,500,9812
2023-07-24 01:44:14,110.125.237.45,GET,400,2061
2023-05-30 18:36:25,114.11.5.173,PUT,301,8922
2023-09-02 09:26:33,194.198.3.246,GET,301,1348
2023-01-28 02:54:22,223.160.90.222,GET,404,3158
2023-10-07 11:56:47,215.7.206.164,GET,500,6987
2023-11-16 13:58:50,95.20.1.143,DELETE,200,4201
2023-08-22 05:46:24,139.192.38.246,POST,404,6985
2023-02-06 02:45:12,92.224.104.14,DELETE,301,178
2023-08-26 14:30:02,137.30.186.3,DELETE,301,3451
2023-05-31 02:55:47,70.229.163.175,POST,301,8500
2023-03-21 01:52:27,166.190.154.168,PUT,200,1005
2023-07-16 03:08:33,12.137.88.25,GET,301,7917
2023-05-08 04:31:34,71.164.244.6,GET,500,1601
2023-10-03 06:14:03,214.196.150.56,PUT,404,6362
2023-08-02 02:04:06,74.100.245.248,POST,404,2405
2023-02-16 08:08:26,200.129.217.165,DELETE,400,9304
2023-10-10 08:15:40,4.162.64.53,POST,200,6545
2023-02-04 02:40:54,101.84.95.117,GET,500,7001
2023-03-30 21:59:11,60.230.31.119,DELETE,500,7746
2023-10-27 01:17:56,147.44.62.112,GET,500,4200
2023-08-16 22:22:58,109.50.126.177,PATCH,200,9339
2023-06-16 21:28:11,130.60.58.145,PUT,404,335
2023-02-13 16:26:54,9.85.102.126,GET,400,8191
2023-10-12 13:08:55,49.254.183.208,DELETE,500,5046
2023-03-07 12:14:56,155.218.155.113,PATCH,301,2195
2023-06-26 01:29:30,98.205.234.214,POST,301,4022
2023-09-08 21:13:31,122.222.74.27,POST,404,3050
2023-06-03 10:33:21,179.77.87.141,DELETE,400,2890
2023-02-26 07:08:19,119.1.138.102,PATCH,301,8178
2023-08-17 22:24:08,130.103.133.221,GET,404,3229
2023-04-09 17:32:20,32.53.76.63,POST,500,2152
2023-03-07 08:51:43,52.143.13.208,DELETE,301,7043
2023-04-15 23:31:42,173.193.190.41,POST,200,5377
2023-07-04 09:31:45,197.133.56.233,PUT,400,4329
2023-08-23 11:15:50,14.251.245.169,PATCH,400,3556
2023-01-17 15:26:52,70.56.14.149,POST,200,9426
2023-01-14 04:48:50,171.160.113.77,PATCH,500,2711
2023-11-15 09:41:33,185.30.126.170,GET,400,2986
2023-08-01 19:47:35,78.115.158.120,GET,400,1237
2023-08-19 20:28:38,163.177.142.0,POST,200,4194
2023-02-14 12:38:17,185.225.247.72,POST,301,9630
2023-02-21 13:29:34,13.11.213.59,POST,404,3781
2023-01-08 08:14:26,80.203.115.232,PUT,400,3650
2023-06-13 08:58:31,134.252.136.247,DELETE,200,4954
2023-06-15 00:29:53,71.70.122.148,PATCH,200,6552
2023-01-18 17:08:02,213.170.213.255,DELETE,400,2279
2023-07-31 20:17:22,76.16.71.160,PATCH,200,5500
2023-11-20 21:47:51,149.54.197.171,PATCH,404,3351
2023-08-17 14:38:49,7.65.19.54,POST,400,2314
2023-09-29 11:15:03,65.127.215.116,DELETE,301,2600
2023-12-01 11:28:13,169.139.49.210,PUT,500,2820
2023-01-07 15:05:51,9.194.33.43,GET,500,482
2023-04-30 18:31:22,38.198.228.202,PATCH,200,6073
2023-04-30 17:54:22,73.179.7.115,DELETE,200,8745
2023-11-14 23:03:48,47.124.176.170,PUT,400,2175
2023-06-29 22:46:08,57.251.227.179,POST,500,661
2023-05-08 07:38:54,15.133.191.226,DELETE,200,6161
2023-02-25 03:36:55,98.56.29.239,DELETE,301,1293
2023-09-21 00:42:37,153.173.231.5,POST,500,2392
2023-09-09 20:27:04,132.171.154.90,PATCH,400,5100
2023-01-29 17:13:00,171.134.160.225,PUT,301,8682
2023-06-24 11:44:16,66.52.244.145,POST,404,2609
2023-06-19 18:17:38,141.250.4.176,PATCH,500,9284
2023-06-24 15:49:04,2.177.93.254,PUT,301,8767
2023-08-09 06:37:49,85.226.208.114,GET,404,9113
2023-02-25 03:09:22,50.179.134.254,GET,500,1953
2023-09-09 09:47:42,26.196.200.69,PUT,301,4629
2023-10-30 09:57:12,30.142.88.205,POST,301,1230
2023-03-05 09:36:05,170.10.218.61,PUT,200,704
2023-09-19 13:34:34,15.30.145.199,GET,301,9712
2023-07-04 01:55:33,140.228.122.156,PATCH,404,7513
2023-11-04 04:43:10,12.137.88.25,PUT,200,9443
2023-11-16 00:59:49,68.168.112.28,PATCH,400,756
2023-09-18 23:00:11,110.125.237.45,DELETE,400,847
2023-11-11 07:05:17,101.93.98.44,GET,301,8031
2023-06-03 22:59:43,3.155.166.2,POST,404,7062
2023-03-13 14:12:17,10.5.185.103,PUT,200,6952
2023-01-24 05:04:42,43.113.194.151,PUT,400,6777
2023-06-09 06:27:53,165.251.70.247,PUT,200,9883
2023-02-02 11:30:51,44.183.63.139,DELETE,301,5690
2023-07-22 02:44:46,25.236.16.11,POST,301,2446
2023-05-24 02:41:35,51.9.176.130,GET,200,2673
2023-03-15 22:44:14,15.14.240.235,GET,400,859
2023-10-03 02:02:06,12.137.88.25,POST,500,9220
2023-09-12 22:34:17,31.25.7.9,POST,301,8384
2023-10-02 04:28:06,62.253.103.35,GET,404,7853
2023-03-20 08:44:53,104.142.87.86,PATCH,500,3953
2023-05-29 15:04:51,12.137.88.25,GET,404,6961
2023-10-01 19:48:35,143.181.189.238,PUT,400,5960
2023-05-21 20:18:57,51.9.176.130,PUT,404,391
2023-10-24 19:48:31,165.251.70.247,POST,500,8807
2023-10-09 15:43:33,13.139.237.46,GET,200,9686
2023-07-14 14:09:00,159.12.136.13,PATCH,301,4122
2023-04-24 16:12:55,122.190.84.75,DELETE,200,4659
2023-07-31 04:38:23,134.205.221.78,POST,200,9099
2023-10-07 20:44:08,37.254.184.165,POST,400,4364
2023-07-19 08:39:29,119.218.123.212,PATCH,404,434
2023-03-08 09:52:12,152.56.210.22,GET,200,7086
2023-08-05 13:05:58,197.221.59.8,DELETE,301,491
2023-07-21 09:57:29,122.229.103.5,PATCH,301,66
2023-06-20 00:08:42,24.251.59.51,PATCH,301,9988
2023-03-21 16:06:18,81.134.41.151,GET,500,8311
2023-02-03 03:21:32,172.253.38.20,PATCH,301,2006
2023-07-04 11:04:06,120.111.66.30,PATCH,400,1538
2023-05-06 20:05:04,165.251.70.247,PATCH,301,2332
2023-04-18 20:08:14,128.61.249.218,DELETE,301,6504
2023-09-30 05:15:01,29.22.33.141,GET,500,5906
2023-03-07 20:10:27,165.251.70.247,DELETE,200,8131
2023-01-16 09:55:44,79.13.150.11,DELETE,400,203
2023-07-18 06:17:09,140.43.161.221,DELETE,404,99
2023-03-08 23:22:18,12.137.88.25,PUT,500,9879
2023-07-18 21:58:28,84.51.23.27,GET,400,2198
2023-10-29 21:24:33,172.65.211.164,POST,301,5741
2023-01-05 03:37:07,110.125.237.45,GET,500,3801
2023-04-28 00:41:28,120.239.55.180,GET,404,342
2023-06-23 04:52:41,170.10.218.61,GET,500,8086
2023-05-14 10:21:04,51.9.176.130,DELETE,200,2885
2023-03-25 20:37:39,125.53.12.210,PUT,500,1715
2023-06-15 15:22:20,89.17.195.77,DELETE,500,7032
2023-04-23 18:07:44,170.10.218.61,DELETE,500,8509
2023-02-07 00:27:50,12.137.88.25,PUT,404,7310
2023-05-28 12:15:20,183.178.242.56,POST,200,5369
2023-08-19 18:33:51,223.239.66.35,PUT,500,8111
2023-11-09 19:14:48,192.174.39.183,PUT,400,9939
2023-01-10 15:58:37,170.223.132.0,DELETE,404,8065
2023-08-04 06:54:39,110.154.247.176,PATCH,200,524
2023-10-10 22:57:03,51.50.219.26,DELETE,200,805
2023-02-10 00:01:37,90.32.76.77,GET,404,5973
2023-03-08 07:21:21,191.94.36.248,PUT,200,7095
2023-08-05 14:57:16,217.118.43.236,PATCH,500,6262
2023-01-26 11:56:28,73.26.209.135,GET,400,4781
2023-05-31 16:16:51,25.172.237.173,PUT,301,2177
2023-06-24 20:54:46,64.166.117.111,POST,404,2837
2023-07-12 01:36:13,96.37.112.171,PATCH,500,589
2023-03-19 02:14:50,92.96.155.134,DELETE,301,2024
2023-11-05 12:41:45,37.19.96.129,PATCH,200,3171
2023-10-29 04:50:32,219.220.50.161,PUT,400,8177
2023-08-23 10:29:59,24.44.242.22,PUT,301,3332
2023-08-23 20:35:07,48.196.128.247,GET,400,867
2023-03-07 19:52:30,66.134.76.180,POST,400,8344
2023-10-04 23:44:39,39.184.174.40,PUT,301,9180
2023-11-28 21:12:42,151.191.134.133,DELETE,404,9695
2023-11-16 11:43:26,26.99.240.217,POST,400,8987
2023-09-19 04:35:14,171.149.68.33,DELETE,500,840
2023-09-27 14:19:21,88.3.134.46,GET,200,1845
2023-05-03 20:05:44,139.168.197.151,PATCH,404,2612
2023-06-22 17:18:44,119.133.126.220,GET,301,3950
2023-10-26 09:26:24,170.10.218.61,POST,500,5519
2023-01-18 02:11:54,110.125.237.45,DELETE,500,1181
2023-04-29 14:40:33,81.13.28.77,PUT,301,3445
2023-10-16 08:44:06,110.125.237.45,DELETE,200,7301
2023-08-09 01:15:51,211.74.5.73,DELETE,400,4624
2023-09-05 23:54:02,113.213.73.181,PUT,301,2174
2023-06-23 15:58:05,70.170.183.73,GET,404,6523
2023-07-08 05:23:01,52.103.72.34,GET,301,164
2023-10-24 00:03:12,21.224.19.47,DELETE,400,7961
2023-07-20 15:26:04,109.62.38.67,POST,500,7105
2023-05-26 13:52:33,181.84.25.55,GET,400,1227
2023-03-14 19:08:18,45.66.225.85,PATCH,200,6043
2023-05-01 22:05:00,116.236.246.27,PATCH,404,2374
2023-04-13 11:16:26,67.170.7.170,GET,301,4627
2023-10-28 22:37:07,136.190.125.116,DELETE,404,2585
2023-05-21 03:00:02,150.129.83.150,DELETE,404,6995
2023-06-21 07:17:58,6.169.58.91,PUT,500,362
2023-01-17 00:06:07,208.11.107.77,GET,404,4332
2023-01-29 00:54:22,215.1.173.84,GET,404,4120
2023-01-19 12:51:11,200.69.155.173,POST,200,68
2023-02-19 13:49:44,176.47.172.232,DELETE,301,6786
2023-03-04 23:12:40,51.9.176.130,POST,200,4247
2023-01-01 04:17:10,102.254.76.4,PUT,404,6484
2023-01-22 08:41:52,219.35.183.124,POST,200,4827
2023-05-02 18:08:52,202.86.72.91,GET,301,1196
2023-03-13 14:48:12,35.86.131.231,GET,301,7814
2023-05-26 17:14:23,25.30.212.144,DELETE,200,6976
2023-09-04 17:06:35,201.120.239.4,POST,404,6557
2023-03-18 20:24:09,26.137.175.205,GET,200,3150
2023-05-20 18:20:30,12.137.88.25,POST,404,8906
2023-07-12 22:35:37,110.125.237.45,POST,500,5594
2023-10-23 01:44:15,12.137.88.25,POST,500,193
2023-06-09 08:10:15,195.235.193.163,PATCH,500,1654
2023-09-24 22:37:32,23.145.35.52,GET,404,4699
2023-10-23 21:00:16,201.159.160.84,PATCH,404,6825
2023-06-26 11:22:56,75.2.108.186,POST,200,3932
2023-03-16 10:59:47,110.125.237.45,DELETE,500,3946
2023-02-22 10:08:39,86.85.223.52,POST,400,619
2023-04-29 01:48:34,15.219.209.41,PATCH,500,9557
2023-05-20 07:08:58,24.90.12.127,PATCH,200,2459
2023-05-18 18:25:14,220.38.244.19,DELETE,400,566
2023-01-05 00:31:54,193.215.209.61,PATCH,400,5281
2023-10-25 04:51:20,107.226.250.248,POST,301,7586
2023-03-22 04:34:00,133.51.167.163,DELETE,400,7853
2023-11-23 14:04:25,125.133.73.12,GET,400,3515
2023-07-12 14:05:40,27.13.220.156,PUT,500,7460
2023-07-17 01:16:57,218.17.156.33,DELETE,500,5343
2023-03-01 16:59:41,12.137.88.25,DELETE,400,2082
2023-11-09 10:26:14,173.4.117.20,GET,200,1811
2023-11-24 08:07:00,114.130.142.84,PATCH,301,4104
2023-10-24 13:30:55,91.124.199.101,PATCH,301,1581
2023-04-25 12:33:54,118.203.96.160,PUT,500,4525
2023-10-01 14:49:53,50.170.57.203,GET,200,6697
2023-02-26 22:16:10,110.125.237.45,POST,200,1483
2023-06-26 18:11:46,91.50.14.204,POST,400,7535
2023-03-05 04:48:54,197.201.217.210,PUT,500,6630
2023-03-30 01:29:55,170.10.218.61,GET,200,4986
2023-11-13 01:16:25,200.177.136.65,PATCH,404,2270
2023-08-03 07:40:05,165.251.70.247,POST,500,5418
2023-09-17 03:40:54,12.148.243.107,DELETE,200,5953
2023-06-30 08:34:05,11.109.168.3,PATCH,301,5723
2023-10-22 23:26:02,178.204.184.106,POST,400,1034
2023-09-16 00:16:01,218.136.156.60,PUT,400,2230
2023-01-18 01:10:14,107.48.246.106,POST,500,7298
2023-09-05 12:46:31,152.70.79.249,PUT,404,8906
2023-04-14 16:18:36,15.108.231.123,POST,404,6533
2023-05-18 04:25:03,97.106.123.15,PUT,500,5155
2023-03-27 08:11:37,114.198.175.150,PUT,200,2150
2023-06-12 07:57:47,219.122.115.229,PATCH,500,266
2023-01-09 09:02:57,145.65.158.152,POST,400,6250
2023-07-10 08:10:35,29.120.120.255,GET,404,6479
2023-11-22 11:15:54,182.125.165.129,GET,500,9260
2023-11-09 16:32:47,154.118.212.95,POST,404,764
2023-08-16 15:07:27,8.110.225.172,PUT,400,7726
2023-05-31 05:46:44,114.70.157.7,DELETE,404,744
2023-11-21 03:05:30,216.88.210.85,PATCH,500,4973
2023-10-29 01:02:11,33.210.16.186,GET,200,8474
2023-10-07 07:03:46,180.8.104.171,PATCH,500,2898
2023-06-20 01:47:52,74.215.180.119,PUT,200,2350
2023-02-26 10:55:27,158.180.10.123,POST,500,5335
2023-05-09 06:25:13,70.64.128.103,PUT,200,567
2023-04-12 22:34:55,96.197.170.163,PUT,404,1339
2023-08-01 01:42:42,190.131.77.28,DELETE,301,2515
2023-07-09 11:33:48,110.125.237.45,POST,500,5811
2023-08-23 19:27:02,110.125.237.45,PUT,301,531
2023-11-02 08:23:33,173.35.143.7,GET,200,9461
2023-08-01 06:51:00,51.9.176.130,DELETE,400,8242
2023-10-29 23:05:01,196.243.109.32,PATCH,400,7795
2023-06-01 23:59:21,52.57.163.249,DELETE,500,8199
2023-07-20 16:35:57,214.94.14.103,PATCH,404,5235
2023-03-25 14:52:16,89.170.4.24,POST,400,1742
2023-04-05 14:52:42,165.251.70.247,PATCH,200,8287
2023-05-10 19:53:12,129.173.248.11,GET,500,6140
2023-08-09 05:41:29,184.91.187.95,POST,200,8454
2023-07-10 20:50:12,39.169.196.177,PATCH,500,6533
2023-01-16 16:04:11,109.132.191.7,DELETE,400,6031
2023-07-08 02:16:04,207.230.207.32,PUT,200,2091
2023-09-26 16:31:45,171.148.152.209,PATCH,500,4341
2023-04-03 21:42:29,115.33.9.142,PUT,404,9647
2023-09-25 07:42:42,161.44.110.251,PATCH,500,2892
2023-10-10 07:09:24,172.34.237.54,DELETE,301,957
2023-01-13 01:38:02,131.144.51.188,POST,400,8568
2023-08-14 15:17:40,79.207.125.247,POST,500,8163
2023-06-28 21:56:15,170.10.218.61,POST,404,1226
2023-05-22 14:31:58,191.56.186.98,DELETE,200,397
2023-02-09 03:51:06,170.10.218.61,PATCH,500,8113
2023-01-03 09:36:59,92.65.2.245,GET,301,8046
2023-09-15 02:57:14,10.226.142.70,POST,301,1461
2023-11-14 10:34:14,163.84.196.156,POST,500,2423
2023-11-17 04:26:48,201.98.182.127,PUT,400,8706
2023-07-08 04:45:57,5.31.83.100,PATCH,500,3798
2023-06-16 09:09:41,102.39.57.215,DELETE,301,5230
2023-09-26 14:53:29,165.251.70.247,POST,400,3505
2023-03-13 08:37:36,130.69.214.213,PATCH,500,8733
2023-03-27 17:22:52,110.125.237.45,POST,400,685
2023-09-27 03:34:23,160.1.67.232,PATCH,500,619
